{
    "_generated": "Generated by SweetTooth, do not edit",
    "description": "Easily switch between TLP power management profiles directly from GNOME Shell panel. Create custom power profiles for different usage scenarios (performance, battery saving, balanced) and switch between them with a single click. Profiles are stored in ~/.tlp/ directory as .conf files.",
    "name": "TLP Profile Switcher",
    "settings-schema": "org.gnome.shell.extensions.tlp-profile-switcher",
    "shell-version": [
        "45",
        "46",
        "47",
        "48"
    ],
    "url": "https://github.com/vstkl/tlp-switcher",
    "uuid": "tlp-switcher@vstkl.xyz",
    "version": 6
}
